,OrderingDecimals,PlacementOnNumberLine,CompleteTheSequence,DecimalAddition
Stu_002769db730fa4d61ed6f962b38eab6f,0.716154,0.7678531,0.49129996,0.6502304
Stu_011b4d60b1589e545adb9ae7d5ad6f14,0.78575677,0.82660884,0.58603907,0.7126885
Stu_020a0dc2d7846c787a883c55da7b521f,0.28617984,0.29044884,0.2167476,0.09890033
Stu_024e2d136ae62f0f7ed61221f784c3ad,0.8482304,0.844544,0.5015171,0.7379111
Stu_037d671c6afe48d8cf71851bc0ab9cd8,0.7768452,0.5035344,0.33941785,0.6611662
Stu_03f78df6debaf513b20256b163216703,0.579196,0.6249794,0.32853273,0.66212153
Stu_050e7d7b526fd6b1eb3c66cb16e9ede3,0.50424445,0.6090102,0.2609249,0.47460955
Stu_058d599bb2738aea141b196d4055d537,0.6974297,0.67951113,0.45376393,0.5373913
Stu_05a860ece5e495caa7dd83a0fbfd684b,0.80518943,0.8196597,0.5715996,0.699764
Stu_0658d45f5d6993bc9163ed4da04d05ff,0.8518142,0.83312,0.605331,0.6756251
Stu_06ba6cc41c42551246cd913c379b491a,0.58043027,0.62035286,0.29169574,0.7003745
Stu_06da9c710b0787e440b877a52c3e41bd,0.60341555,0.46744916,0.3891465,0.5674244
Stu_06f8b718edd276c33cadfa532a0d4b95,0.5805381,0.59827185,0.36379412,0.5373469
Stu_07323f682de866204177e40b56d6270a,0.54596144,0.4846259,0.26047772,0.33391944
Stu_076de65540a81af4e54d49d7f59987be,0.56259274,0.52032834,0.2955364,0.53513324
Stu_0872de89ae081f549bf5fc7bbebb8a15,0.33900705,0.28734845,0.35476938,0.12609819
Stu_093094291041497d02bf245519cfe6d2,0.60190606,0.631147,0.44314584,0.5501495
Stu_098618ab899ac8391bd9182a2c01a92e,0.43816924,0.50520915,0.24056923,0.10773201
Stu_09b537c9d355c24cf7c64f874c298f45,0.3400013,0.35467026,0.26599437,0.38202286
Stu_0a238855e2d6257f3ec49de03e57489a,0.7654209,0.8253575,0.5602875,0.6799988
Stu_0a7d617d7c76d3177ebecd243e832991,0.7178182,0.65870535,0.39026076,0.48152223
Stu_0a7fe2f188f2f7c024ea88c936cb0f82,0.52113235,0.4512507,0.2556976,0.54106915
Stu_0ad6633c091846c5a8a1b4f79f0c165e,0.77302146,0.76893455,0.5574923,0.7199956
Stu_0af1439f52a9430095780986d613a0f2,0.5758997,0.58050394,0.24400988,0.51594824
Stu_0c2b8c878d93babd0c21e11520acbdfa,0.3297787,0.6273857,0.30684337,0.39483336
Stu_0c3f45ebfe1da208503db4ad9661782c,0.6957888,0.71709776,0.39698595,0.38081488
Stu_0d04cf4e98b24fe6d1886e8dfbd461a1,0.7033803,0.7140138,0.3963438,0.4549573
Stu_0dd5456e3b9df532a7855a70c1c614b1,0.5139702,0.40834174,0.2478708,0.6751755
Stu_0e4c2ffb392f483f2d69ee3e8b490659,0.5543561,0.65203387,0.38549364,0.63918394
Stu_0fc267dbec386acd97191867224fa37f,0.8038795,0.8283634,0.5607807,0.7083306
Stu_0feae05da310329d05283fa992fa1fc2,0.85139483,0.7628634,0.5685522,0.66126287
Stu_0ff04a49db26fbcc011011448f5b9fb2,0.29206935,0.44412032,0.26749232,0.41562808
Stu_10adc393401423f4b90bd0e64317aee4,0.8336808,0.84448904,0.45364362,0.7225757
Stu_11099766413778a9549fd5e3d31a0111,0.3211661,0.33960816,0.34879386,0.5185847
Stu_113fddb79191c7925aabb5fa1182aaac,0.7492436,0.7041552,0.57486016,0.6991624
Stu_11837c21eaf427400a67c382c0034c12,0.8011017,0.7858221,0.58194894,0.64922523
Stu_12953c73e3f3ed73346bf7a47fe27251,0.5573664,0.47535747,0.31489655,0.33053333
Stu_12dba177cac2c8d997deb2297984cf8a,0.48912075,0.3408671,0.2140702,0.601517
Stu_12e782b43f49bde0ac9ef9be0d52a398,0.84211427,0.7839918,0.52375114,0.8138648
Stu_131197d25996daf001701fb32e82a3f7,0.29748273,0.2908842,0.18044832,0.17454751
Stu_136599be67db1911c941a7d157c53474,0.7135743,0.73554873,0.4030245,0.6711294
Stu_1417630669ed52eeefdeb91d3667ee12,0.70682997,0.46316385,0.28594682,0.6206826
Stu_148f2308f5ba389d7b95ae23f687a975,0.4277832,0.45224366,0.32569322,0.455904
Stu_16bd462e3e9758346a2abbe3324e6664,0.8074806,0.73073936,0.3944251,0.6123389
Stu_18c779b7c46909505ec6478f9cd52a53,0.7130418,0.7605351,0.5733457,0.6226153
Stu_19bbe19223d1c067b03dca4fc088b05e,0.2805546,0.39908972,0.26969448,0.23435447
Stu_19c2739a2a5a00eb3c7d4adf5efdbc62,0.39968687,0.44436792,0.35500666,0.63067365
Stu_19eb9a4daa5427fbbea59250caba7df0,0.5173181,0.5467479,0.18050228,0.15579925
Stu_19f2aa6039d87367db73a52decab6a25,0.34564197,0.32350162,0.3934593,0.30591834
Stu_1a3e3788fea8ece74ace76908683be5d,0.6969598,0.47353217,0.30277255,0.73649746
Stu_1abf2d10ec4c46fced897ec76e5733e8,0.39617074,0.41193658,0.23077942,0.26366985
Stu_1b0b61457549e5249a842895ef10acaf,0.5551843,0.40185773,0.35727835,0.4219706
Stu_1b54cdd05e9f527f6bfb95752df84244,0.5455761,0.6456072,0.3783126,0.49530923
Stu_1c06f9b3892d1ac109e62da57cf456c6,0.41446653,0.38424993,0.26113877,0.34370452
Stu_1ccc0e6f489306ed1ef18464e3d98e3b,0.64016074,0.5830774,0.36086303,0.5865316
Stu_1d67c820c977bd01c25059c9acb88e71,0.2847968,0.43913084,0.20860544,0.18278733
Stu_1e2fdfcae63a99aa36e51db610db6752,0.3845404,0.3287384,0.2981027,0.23098637
Stu_1e701cb882621cedaf0aba46cd2dc010,0.3395069,0.3246364,0.28025988,0.31110942
Stu_1e807bceddadd6824eb379dea2b60fcb,0.80118877,0.84087086,0.57717305,0.70296645
Stu_1f0a37fd46ae0c26c07e3fe0b3525d85,0.8365887,0.87511027,0.5494941,0.84018004
Stu_205730d9e8e6b64e8fcc81ef24fe676a,0.4799265,0.3342508,0.08234517,0.2832897
Stu_20f00445f0847270760b3b12a5f78e0c,0.82541734,0.7838373,0.5556648,0.77901363
Stu_211821854e78bf65e457c12d71aa7f73,0.64267343,0.5606796,0.12043684,0.27027607
Stu_21339006fbd999a979fba97dafb2f73c,0.7744255,0.6983046,0.42058012,0.6761141
Stu_218a2eda9850e649cc833ad978a37a0d,0.72436744,0.74249107,0.5369443,0.63080126
Stu_21a0c6ffb617b6d7bd901c692de1f54a,0.4837465,0.6823656,0.48067406,0.7383682
Stu_222ef870807db95fa886e91c8491eba2,0.67327917,0.65061533,0.41564283,0.6954323
Stu_22d550917490edf95a0f41c21fdc8269,0.8650675,0.87067544,0.5880455,0.80398905
Stu_235b51e174234b73422376a7343f43e0,0.70396495,0.8161066,0.4926001,0.77187294
Stu_23fc3b16fbe01ba5432311e20ddb558c,0.33334196,0.38476607,0.29185227,0.23819135
Stu_2433ae594ca9111141f642ca95d47760,0.39654166,0.38589135,0.3850396,0.5567962
Stu_2443d5fdda62da267a51bb31054af86e,0.60587335,0.7402331,0.41016808,0.5447938
Stu_246724857cc7f43cf7e2154e6b6db73a,0.83670133,0.8008691,0.6084988,0.7206176
Stu_25ab4b7c4d9a5479b0c3ec6a4953371d,0.50535125,0.5149854,0.14143698,0.30726767
Stu_266005942ee878aa4438c0b75d8bdd9e,0.83080024,0.8108227,0.5459862,0.76924956
Stu_274c7089040344e8412c918736596ca5,0.4906087,0.43655103,0.26050004,0.064393125
Stu_27a7ed1c9a0eaf1238295a5956bc738c,0.36872163,0.35276723,0.2846339,0.20741613
Stu_27b4cdacf04389ce5be870e63bf431a5,0.6590425,0.52620906,0.519143,0.42679185
Stu_27d8ce0717bcdb7ec3cfe826978efd35,0.27381018,0.32147953,0.26610488,0.14850643
Stu_2842a4e8c62a7336fa04da963b21871b,0.74438965,0.7819869,0.48892954,0.5031784
Stu_286171f9c0fe51157c9d8213d6534640,0.6162748,0.62541807,0.38101482,0.5676411
Stu_2862110f4785709b48dd472841576da5,0.4322698,0.37382138,0.34029993,0.41969627
Stu_2888ee80cdd353d9e88538f3f1b87d08,0.5012957,0.4965812,0.23183043,0.3112937
Stu_289ea51862ad8de40c1a57ebb25cd389,0.23480146,0.29010284,0.18386891,0.3099421
Stu_28ad20d6d65ab82380d089eb0250fe65,0.3170085,0.4707383,0.18500337,0.6256232
Stu_28d8d71fb40a19bf0319bb0d4939f7dc,0.5809865,0.6610053,0.5032936,0.71062404
Stu_2908344e74b2f8d1f3ebcbcd4006c752,0.6928603,0.7471205,0.42038822,0.5498701
Stu_29bffa3607516e5c9579ee77507b0c34,0.27522045,0.15790449,0.25697398,0.30061606
Stu_2ab1ae63d047ef9c1403b776ed8087e1,0.3644348,0.35710847,0.2775176,0.21672516
Stu_2b11b1ff3e3c522db6736591d6d41fd6,0.7240605,0.77800745,0.53326124,0.5647869
Stu_2b70cf45d7a0f7bb335b337bd711f447,0.5005257,0.3802017,0.18062392,0.45779908
Stu_2cd95362750b70b8985741b63a6695df,0.55656296,0.5094247,0.35014397,0.64074284
Stu_2ee3ca476987d1bd3e0b446e39ccb7a8,0.73392045,0.6518676,0.412462,0.63345015
Stu_2f36ac8a1874dac14d481b3879b007c5,0.44928822,0.56250197,0.37221685,0.59313875
Stu_300927d8ead1f998e9dc079fc6b2e3ff,0.506201,0.22270757,0.2083906,0.46442828
Stu_3156e54f196167bd1ff89195c151119d,0.4415072,0.52713585,0.3315884,0.54206884
Stu_319c1880600af4a02ca68bf41e81b45f,0.76927334,0.7446782,0.5027021,0.50909144
Stu_31cf809d0fae22d9ed10a1eb3770f672,0.8223713,0.7346258,0.5014414,0.69246614
Stu_328cb5dbe722f89a329f8682a4de15d7,0.3051177,0.26592153,0.20354378,0.17760395
Stu_328d4eb7f98286ea87bb7962d9945bcd,0.85141516,0.75733733,0.53221107,0.76508945
Stu_32faa6f68385e16932a60945b70f3632,0.39516413,0.5342135,0.25796294,0.318293
Stu_3389797c39e918f7f1e89c787afcd67e,0.5673022,0.6525941,0.43607935,0.6337405
Stu_33e8e41382d64e7bdfee13f428818e4f,0.37090915,0.41695976,0.1971601,0.4621708
Stu_33f6dc66ae08703f5b1684b7ad2c5f99,0.7456519,0.7620563,0.4196399,0.6361383
Stu_348de0af862273ff6b92874bc2558baa,0.30953258,0.3428778,0.35016537,0.14604956
Stu_34bf4fe32df5e96c5ab1bea6c7f32168,0.7878653,0.712406,0.4320239,0.6254554
Stu_3561c2b217476aacadc2035947ab7a5f,0.8235172,0.83014214,0.59119225,0.7088085
Stu_35ab5b0c17cb802cf511ea3d5a710157,0.8358099,0.8633929,0.6239563,0.6886682
Stu_3746857089c066e98a143577621e8a07,0.7783991,0.6982314,0.42215595,0.5348776
Stu_3776229935c08b232dadf12f2b96fd08,0.8113564,0.72062427,0.5364801,0.61016554
Stu_37b7bc830e045ceee58f79623acf979f,0.586685,0.55835825,0.2885553,0.39662394
Stu_3880c57b6628328704e436f131fe88a4,0.530959,0.47919422,0.26715598,0.25288257
Stu_393126118ca1a42ef74783977a8491e9,0.83834255,0.83909273,0.59476095,0.7077644
Stu_39ba1ee42f632b60d7bc123e75bb802e,0.8381298,0.8597598,0.5919617,0.7094483
Stu_39de519235255b966ef3742d4b199a17,0.7067496,0.75975335,0.51098245,0.62776625
Stu_39ea5fbc37a7b5d21254f4e43eb7600a,0.8611308,0.84655607,0.62966126,0.7522489
Stu_3b46ab0d8c10aaa031a994edcffcda0a,0.40106735,0.5808041,0.265223,0.1719273
Stu_3b5d586e8da534c45bb29ebfdc3d7dde,0.40670115,0.31022534,0.3387611,0.025668925
Stu_3b7009446c4a969584d366b9b11d089c,0.8580904,0.81459856,0.5657895,0.77221173
Stu_3bba61ecf2e0bdd8b6cdb151535b2f20,0.42523074,0.5588575,0.27587348,0.48629737
Stu_3c0020749e3d68d4ae55b1272abc563e,0.46390024,0.5542654,0.3753965,0.5059503
Stu_3c3cf381fe49c11bd9bceb2e6e014dc3,0.74153113,0.76388675,0.624342,0.6739006
Stu_3c54f389c5d153403a08687b6d5e4d47,0.6719066,0.8497924,0.5814834,0.7000126
Stu_3ca376832fc4deb01dc936136fb31188,0.7682671,0.7444374,0.46057042,0.5918645
Stu_3cc37d0ffb9aec1da576e2c5e08b39c7,0.53333163,0.73524994,0.27960527,0.2523648
Stu_3ceca1a63af621febe05ac3630325438,0.7330286,0.75806,0.50575674,0.61844254
Stu_3d0a22d60d8229a52e006da8cf9b3ab2,0.41111392,0.47139078,0.22950147,0.40018174
Stu_3d0ed8ab922d1a47bf78f91a12f011e5,0.4539174,0.37702242,0.33208686,0.42695144
Stu_3dc675bde5de825d6a1d664af336cdbd,0.334981,0.42760125,0.32024843,0.08913526
Stu_3ef160955c42bea6852263322595c030,0.7492298,0.80057997,0.47215387,0.7194279
Stu_4045f2f3cb24b10dd622245a1d73b20b,0.64579666,0.72466964,0.5366062,0.58363515
Stu_4079e9413efff89df7ff54c62ca43df9,0.89416045,0.8544081,0.60041136,0.7611669
Stu_40e1b7b5e28cc35abbb65912ad05d955,0.3725165,0.42062888,0.2787309,0.15731262
Stu_4106f032166b8c13edc43cd86064ec6e,0.38102657,0.33287933,0.3437619,0.21302153
Stu_4196c92944a245dfaf7b66cd5599d1bf,0.6916393,0.6967265,0.31102574,0.67250067
Stu_420b56abdf4f7d336153ba3813e34ebe,0.3455127,0.2469716,0.23088507,0.1430448
Stu_422f3693663e9c9b0b06d793e3674c5e,0.8081665,0.7748057,0.5477814,0.6144884
Stu_424fe422ea6fb522374c0409e8de9372,0.73179746,0.6192772,0.33473414,0.6324491
Stu_4299292d2d7d8ac273e4ef918a3431a5,0.27309406,0.27093288,0.2415923,0.3726652
Stu_42ab972a779b652034d8c1a2e247ad8d,0.87639636,0.8625684,0.5848145,0.84368885
Stu_42ebe9bdf9576d8c118219ae1a68d4b6,0.54660034,0.6897904,0.5446436,0.6823021
Stu_43aca2b7ac6b2a5018666de202f45d68,0.68005747,0.7819919,0.36898628,0.52272695
Stu_43f4a6a242d9cfb78e27eec57f8d48c3,0.28709382,0.33547425,0.12183974,0.18133031
Stu_441e6596f7b6f1ebd8db776204f546db,0.86132467,0.7994012,0.5098303,0.6396207
Stu_443bfc3617cb469192d078d4a011cca0,0.8320305,0.85008764,0.5817262,0.80733633
Stu_44785e9ed54742c2fae5d3ca30f9083c,0.6402817,0.7580818,0.5753754,0.6242122
Stu_458cbc685d4e27095c402c5b9da7fb80,0.6008519,0.50194836,0.3084458,0.2942342
Stu_45983f6c53e69cfdd836e92c3a10f615,0.8480953,0.82350254,0.51081127,0.7909921
Stu_45e9589bd9152ce17a29d71424d1b8bc,0.6360462,0.64616436,0.42748705,0.26642895
Stu_46146645a1ca5e6d85f769c096ee9a22,0.72828513,0.70427597,0.45714983,0.7340323
Stu_4614de62f9ae0ddb16dd762fae9f5bac,0.82976055,0.8720146,0.5538804,0.8100278
Stu_46587c650c549e6210625eb6001f92c6,0.57748544,0.6584669,0.32475653,0.5008557
Stu_467917294dd6fbb76f503e32bf4ac6f5,0.47000557,0.5272661,0.25678018,0.5642707
Stu_4680ee4eb1569e12a8936876bb6bd756,0.3620889,0.36548236,0.22684336,0.058341958
Stu_46a73768b6856c55717a1ba8600cfc91,0.8265966,0.85690427,0.607854,0.7019796
Stu_46c91b4ae8b415305346366f6844fe6a,0.7604114,0.8430057,0.46496654,0.73350984
Stu_4811a6515e4f3d8bd0d1c1071cf47edf,0.8059814,0.78781945,0.45393133,0.7065104
Stu_48c20236fe73c3d3f4baecfb04bebf85,0.72274286,0.7367054,0.62467897,0.6311282
Stu_48e246af492d3df01de07b4b25bf615e,0.7469336,0.7765757,0.60128134,0.64928496
Stu_4a2eb32ea40d8a878a76abd65eb07be2,0.32187817,0.41763473,0.22558358,0.34380883
Stu_4a7970fdc0ebf40fafd366cdd927310f,0.5968885,0.50855345,0.5395041,0.73917943
Stu_4c1d6ebee48842517b2af6330848f87a,0.62258977,0.68459415,0.5126316,0.546553
Stu_4d1e74b0d17aa4a17281e1621b58706d,0.35572407,0.33959362,0.22156358,0.13240835
Stu_4de04685c8ad714c694de341cd966b75,0.6508486,0.41071433,0.24522783,0.4953296
Stu_4e2767ecf231c6b6a205c6951e1fb469,0.5661031,0.6537951,0.3024727,0.31629384
Stu_4ec0959af1ff5202c3378d078cb60313,0.8235446,0.6978431,0.55039674,0.7502016
Stu_4ed88adb859b15afdc9969e209a78b07,0.24029535,0.4000833,0.11936473,0.1964364
Stu_4edd55f3a0f9e895ddfe93c82c13a81d,0.7081599,0.725726,0.37506992,0.48570204
Stu_4ef3b353844d44116ba89c81fe2d9c98,0.4011482,0.40576637,0.26334244,0.4950112
Stu_4f28ffcbc1a7ab98c2bd936577c98ce2,0.79051244,0.82284266,0.58285725,0.75017226
Stu_4f2955b2b4aea320cd94f73d1ec3a4b7,0.72271204,0.78507316,0.40360433,0.6089804
Stu_4f37a7520670dae144008adc692c3331,0.27548748,0.35881722,0.16055565,0.21487032
Stu_51125fc5fa709d5a925cf21952cc2840,0.5253628,0.61634177,0.3947915,0.77451265
Stu_52328b07ab0b22042fd9e5a49ab2f28d,0.7171016,0.4927413,0.30497497,0.5569701
Stu_52ce271eaf95f32dd23df21155d474bd,0.6266492,0.5024411,0.34183663,0.6885956
Stu_5301a323c5f4637b9ff907f31294f267,0.81069577,0.7179689,0.519232,0.7061243
Stu_53665c113bbf1e115e10efa02a5df33b,0.4639433,0.5284999,0.33783722,0.39879572
Stu_5380311bf5ae46ac8fd2a131684ae2d8,0.7182262,0.7306095,0.56794363,0.66606104
Stu_53bbea20b0dce2b9a14a6aed8548daa8,0.8333422,0.74676186,0.48159727,0.7865044
Stu_54bfe5e5078233ee1aa462ed906f7ebe,0.8057411,0.78999895,0.52436244,0.7436021
Stu_55f6207460563788c35f5b860d37fbbc,0.5882235,0.6453594,0.32635623,0.42504704
Stu_55fb0cc2a9d5151e49dc4d43f72900e5,0.28117037,0.33105567,0.16221811,0.31350544
Stu_562dfd189d30aeaf6b5b521f65a22010,0.7761541,0.7149916,0.45608768,0.70580286
Stu_56573a24470099c14ae3568d9e1b299a,0.6749633,0.64455473,0.4137608,0.6321887
Stu_5692171366c22ec78b8850032cdfffdd,0.34031564,0.45273456,0.18341808,0.1414734
Stu_56afd593409e16a991cb62d00a2f3345,0.69321746,0.6877693,0.51199186,0.56943095
Stu_571ced9f692c99d4e4b327f63a05ad81,0.85768336,0.8047268,0.5039749,0.6922275
Stu_5732d0ae2b675e5f7ce458b36f4196d2,0.45057717,0.31812644,0.3469542,0.5904341
Stu_575f919a9a88c9560777cda5064d30e2,0.48068172,0.6246436,0.38114163,0.6021376
Stu_579413b5f345617305184d72b0931af3,0.80160177,0.72869354,0.3485319,0.7922839
Stu_585877c12f5d41a931b7d041eeb852f1,0.43038014,0.39140347,0.29165676,0.42366448
Stu_588f6933ddc4665b7098081c7278c686,0.57823575,0.6425352,0.38362196,0.58289355
Stu_58e35bf4ad02b7bf2c70d258efdd7664,0.31759802,0.43661222,0.31587654,0.2186474
Stu_58e7b98a77372af02af663d8e729b5b3,0.8608823,0.8260634,0.5791787,0.8264243
Stu_58fdb8f0ca59dba4ce6276c6c4ca9e96,0.3780786,0.47123554,0.47205612,0.35991973
Stu_591c9e8c5e7ba30180c5c0e089179de0,0.31599858,0.38288495,0.38149005,0.18638438
Stu_593ebf3fc750a5942cd9f88354a04df7,0.346186,0.4237308,0.3513878,0.21763417
Stu_596f669bb293ddc44056ddb21bb3d563,0.4933172,0.5344548,0.20605631,0.36344656
Stu_5978e1e6f80748fb7ebc4941c94fa4dc,0.4264703,0.39151737,0.31470737,0.3621951
Stu_5a9b17a785057f816c76ca71ac89506d,0.2602654,0.28907537,0.32435456,0.45371166
Stu_5ad0d616a8be688f37035c95700d29bc,0.84588397,0.7940183,0.53476405,0.7600604
Stu_5b9035c9f180dc35dd93a812a94e001f,0.5990602,0.5998469,0.3711985,0.48181984
Stu_5bdb88e69c6c95a6940dd7bc88ab4862,0.39352483,0.25634032,0.19331597,0.10220122
Stu_5cc07f73d97207d7d8db3ae4c9f34632,0.35807446,0.34874457,0.18723603,0.21774949
Stu_5d3a1a273fbdb121f656af18cbc68237,0.80918366,0.7286079,0.4136184,0.65990895
Stu_5d4522b22050e32f406452060ad71886,0.32973903,0.32133037,0.27280784,0.30424863
Stu_5d7e9632fd53a1aa75a0b9142663900d,0.48570552,0.5687501,0.362434,0.3242327
Stu_5fc4d0cf7b110e3237beceb0d421dd15,0.5782901,0.6954173,0.48481253,0.5370112
Stu_60634433681d6790f97dccb06a172edf,0.76401687,0.74648875,0.5703782,0.5800671
Stu_6156fefe7412df5624deb02a4fa76026,0.6744902,0.747333,0.47958508,0.49838197
Stu_61728159d6e3dbafb2b1ec2ded0e4bb4,0.33853516,0.4512872,0.30870685,0.5917755
Stu_61c4aa426e8fdc0e1f894ef3b8ae8cb9,0.46146563,0.41789997,0.30587846,0.4081954
Stu_621e0e0a11bc0589b43d5d900f22d77e,0.31460214,0.33961663,0.24758302,0.14514503
Stu_6227b152cbe75cc591e691d23838d11e,0.5352948,0.57551146,0.17619556,0.34010234
Stu_6255c7e4e6d0908f0722fb865478addf,0.72869027,0.7907944,0.47904035,0.6831958
Stu_627ff3807d1c403de4ede219d3209e7f,0.6340429,0.69412816,0.40927523,0.6651115
Stu_62ba7b816c065a4911acaa5dde3f9b8a,0.33966997,0.35691243,0.25006995,0.28203002
Stu_6339f33ea2ee6189d0843718e1e7b588,0.4933119,0.52727723,0.22917919,0.6396055
Stu_63f78e1f92f8661d9d90753cf50451ca,0.85349935,0.76111805,0.52719855,0.76971805
Stu_647f91f81d1c003fe8dcacea0b2508cf,0.7102026,0.7967389,0.5167313,0.7013895
Stu_648d0748a227b1de680aff632dfb85fa,0.3083777,0.21923822,0.24255073,0.43148404
Stu_659969cdb97bf35533296300972ef936,0.7266891,0.72129434,0.4376136,0.68190366
Stu_6634ce64a0fc17d89191739cb3472d90,0.6238498,0.558432,0.2413661,0.5545216
Stu_6752849051cf8c1a04ea56ffa6eb2258,0.37091854,0.46494693,0.50416374,0.4597122
Stu_68310cf86fb7fd5a56f58c64972d9ca3,0.5119897,0.47165,0.33790928,0.33301464
Stu_6866bc4ee71166a11bb7ae3514f70204,0.4522545,0.35698304,0.19889525,0.33740136
Stu_68a036f0c717d6a6adfc77a4da16789c,0.4829165,0.55552804,0.46461254,0.5980065
Stu_68c37f28181e96771e7f652b68923500,0.7057647,0.81539726,0.51776063,0.6195652
Stu_68d535cafd340d0f1cd80fdd7abe7464,0.77009225,0.61166006,0.378902,0.55148786
Stu_692e61817ee9263607c866fc505b38fc,0.6138988,0.66143185,0.44144842,0.61030537
Stu_6994f7c52fef938848c702529d6c2883,0.6871156,0.6726365,0.4879385,0.65642506
Stu_6b776e0c082ad1acd984b2cef51683e3,0.8100216,0.85976005,0.48549622,0.7815281
Stu_6b889dc21172cf80b64964b38464c9f1,0.59879315,0.6379666,0.33391565,0.6027344
Stu_6bee8600e1f9260a1b5293e3b5220c7b,0.81465584,0.67722076,0.28113675,0.5593851
Stu_6c2602c3f46764876546b93198a0372e,0.80326116,0.6919999,0.43841222,0.68858385
Stu_6cc5ae0bec7117f2ba7a8846967f1001,0.88036555,0.8535919,0.5412968,0.8199714
Stu_6e016b7e345c75d5638469f09453655f,0.4016964,0.36522454,0.2855997,0.24780986
Stu_6e1aa84cc9af84c30b91194f2971c50f,0.70255864,0.7316739,0.53922766,0.6552437
Stu_6ec6cbc97810bc2183a12c96a4c2dc73,0.37363884,0.48193482,0.34113872,0.55443156
Stu_6ec7cdf98fdb2c37f3ad159b201553a9,0.4986494,0.5270312,0.1953915,0.47418976
Stu_6fcd9df102103431e3b5c92c7af69d2c,0.7772728,0.7516173,0.38448742,0.58644676
Stu_6fd8f9235d1c95c8b44a65bedf97bf4e,0.3499253,0.45264345,0.244153,0.3180324
Stu_6ff615e1b2b2978bec6faedc0075a4f2,0.85821694,0.89125013,0.6440397,0.70853657
Stu_7068451161aa75d21931cb99f70ef52f,0.4979663,0.41226926,0.1849982,0.57290715
Stu_708771a9a1a5983ab8702b4ce117f821,0.5305803,0.49690604,0.258872,0.37102556
Stu_71077ace359fe27f206c030a788d82af,0.71578467,0.6913928,0.5137976,0.5775615
Stu_7114438ba67815399d251ef0c94f26a9,0.48513538,0.58231187,0.32829943,0.65592575
Stu_718e4edb5a5fab63256cf20591e8e0d2,0.6678507,0.6550875,0.48772278,0.51958895
Stu_71cc97008fcf7356ae5114cd2cb604fb,0.39981303,0.51848483,0.32204464,0.3305648
Stu_720532ff2154ca0066836c3da06865c2,0.60490656,0.6916325,0.45572326,0.64908034
Stu_72d546aac7ed51c8f41beb146ecef217,0.68229645,0.76019853,0.4289698,0.66157657
Stu_72d78e404b93daa965531ba0da8c5de9,0.72044194,0.65211123,0.4373023,0.6882423
Stu_72dd9ace029d3662240bb09af2f4ab0a,0.6955601,0.56323886,0.3363296,0.47644588
Stu_732bbc6a1601200ec82b01e60a452822,0.28681386,0.36688977,0.11195075,0.36852798
Stu_738919520411a7a7a7cb1e45884b6755,0.27309638,0.4310457,0.1850282,0.29272637
Stu_73fba7309e3381ae495a3f3348a4bd24,0.30395955,0.18562782,0.21096453,0.32923827
Stu_74614a95a795f11c55e0cadd16116781,0.86698484,0.8207386,0.5738003,0.78229773
Stu_746705e6d66ef7e6c60b3ed01b2fac66,0.70696837,0.79244053,0.5005293,0.642209
Stu_748f9b962ec6c7ef5204bc4c83d1304c,0.7958268,0.50938267,0.40952948,0.6047592
Stu_74944735ce9621998aa037c532875f0c,0.39446118,0.41000098,0.24867055,0.28326496
Stu_7527b1bb6cfb1e25655d83b5cc479f9a,0.3878117,0.34244135,0.28016904,0.32758045
Stu_75318e3684ecc04efdd5b65ee7c90753,0.7562304,0.83001345,0.5620334,0.64317214
Stu_760adcb908ba3b9b9e0053cac20c623b,0.65982854,0.7007788,0.4492899,0.6544897
Stu_769c842b693846b71951b115673b94bf,0.650451,0.6970424,0.3900083,0.44025394
Stu_769f4a44178d4e5288a900c985df6602,0.90834963,0.8457033,0.5719225,0.73477226
Stu_76ff6ea3fa7383f9c0665faffbcabf82,0.35904306,0.47642994,0.22720031,0.4587037
Stu_788506bdffcddbe4dad54b96ee86b931,0.8912886,0.7981301,0.53071666,0.7740451
Stu_788b7a2c8da380a264eb70a6c58797d9,0.4513543,0.4792699,0.3373373,0.33159974
Stu_78c14e6e7b8d2300a4490b81c707134c,0.4941926,0.43532857,0.38706124,0.3826664
Stu_79040fa44382a9d50ae3c38dc41406d2,0.768701,0.7799961,0.5283126,0.6489225
Stu_797c37615710e847fb916a4da2aa6146,0.67707753,0.70994073,0.44901305,0.705182
Stu_79c3ad09ee502aab6927313c03fc627d,0.76588064,0.7838235,0.5785474,0.69840676
Stu_7a2e3baa8687e7e78f06c70232597fb1,0.34497598,0.3630325,0.13049594,0.13226457
Stu_7c2760b41b8fb25b5e93cad5e5d0d7da,0.4465496,0.45555356,0.12654659,0.23604938
Stu_7c6457fefd00240ff5fd619408d9b339,0.88453394,0.7923537,0.5559217,0.77307224
Stu_7c975171bf43bf005e5aff27c56ed2f6,0.6952394,0.78564185,0.46938154,0.49787432
Stu_7cfc752b2a43cc384f35416faaf542ef,0.87121904,0.86466694,0.6079642,0.776846
Stu_7d8599fd4e21593c09bd07379838e073,0.35844508,0.35003382,0.36581686,0.4798142
Stu_7d8f9f2c88d35221d2fc1831b40b6bd0,0.6147775,0.5745845,0.2751815,0.5138424
Stu_7d934f841d76b09e31e58ef85ade872e,0.7037883,0.52806455,0.36049896,0.39287692
Stu_7e6667254298bda1c5493bcb75a4d1d3,0.8157282,0.7219277,0.39517298,0.58476603
Stu_7eb71f64aa24c2893e0c1b267ccc3295,0.44021833,0.30474925,0.18856767,0.4457978
Stu_7f6d5a14329dc9788f0b5a30099e9b41,0.6388838,0.4139154,0.19679682,0.5390196
Stu_8045fd5c00c96fda8bdcee2ae89ad527,0.24260566,0.43531352,0.36552134,0.5512745
Stu_80c710c5bfbd981f5855ee382c92ef12,0.28717008,0.42860654,0.20965315,0.37162048
Stu_824b14b9d2df8926c2d72abe164695f9,0.41230404,0.49904898,0.22610591,0.56951505
Stu_82a82c29247baf096138708deb3bdf19,0.3988416,0.48996106,0.2247627,0.34227747
Stu_82b4d8282b5b75a84badb7c633a0e4fa,0.72127867,0.7107438,0.41209158,0.6284022
Stu_82e2adfae14494775faaa352e03701fc,0.85208076,0.8111424,0.59517944,0.768044
Stu_83305a2c7d4e23e89669c088acf5a032,0.30879456,0.30844367,0.16719049,0.1923147
Stu_83b8843a94e4112d3227317fa178a007,0.7394183,0.7516863,0.47632134,0.6254574
Stu_83e4c227d127a6f692729e026a79e30f,0.89855397,0.8062901,0.56735575,0.79906815
Stu_85a44980d4888b319327e02735eeb63b,0.6867182,0.7771283,0.55373764,0.629241
Stu_8689d83fccd49792d2857a1942d885c7,0.7630896,0.7449372,0.44014028,0.6413721
Stu_86cf1a20c6a3152d92da6182a891cde1,0.8745279,0.8862234,0.57148415,0.7226217
Stu_8700c1dc3d68da4df0be40b00c7dc66f,0.45055306,0.43593612,0.22874846,0.57308537
Stu_875292513220524cea1773cd015b36ad,0.8199555,0.8209601,0.61053383,0.7181378
Stu_878813640cd7aa99cd11572ed18fdb95,0.6797764,0.63762283,0.3455291,0.7096525
Stu_87d6c1228e06d5827b940fd67732e13c,0.63278866,0.76713043,0.3698489,0.62580127
Stu_87f94d9fc5240cddcad97568db9e50a1,0.4789824,0.55852973,0.6302573,0.33762625
Stu_88336c2b290400f0ecbcba8e5d14b978,0.48904034,0.37056977,0.19040228,0.27803558
Stu_8853e9f3c9916443e689fa3dc440f85d,0.82043964,0.71631515,0.52109206,0.7191811
Stu_88a5ef86ef28c730f2c65ededfd104c3,0.5296109,0.6145864,0.346945,0.6541455
Stu_88e099beb6ea634487950862cf7ed9dd,0.4307131,0.620691,0.33753535,0.4945073
Stu_8959a6fbd9d1c18f0aae7aa8ed88e3fc,0.46392176,0.5280053,0.39214098,0.3740759
Stu_89689415bb947a4ed250bc1a09c8ac03,0.5453707,0.48985428,0.36820248,0.59182656
Stu_89bc92677800c4fa0fc76704c53b6251,0.4653515,0.49354997,0.2834246,0.5035463
Stu_89d032f6c405f9dae7c55a80a21dedd8,0.32192504,0.35885614,0.23346832,0.1694135
Stu_89d54d82b6b78cc67f780af11ec577f0,0.831747,0.7155099,0.5010724,0.66468143
Stu_89de3bcc3633ae1bee463805241e7cfc,0.34935516,0.45986503,0.31526995,0.19128598
Stu_8ac4f8df3232be363f3e8440d9523e6e,0.6323888,0.6198889,0.5774483,0.61242133
Stu_8b295c49a0ccf74097fa1f7e773e2ae1,0.3563586,0.35936823,0.20965692,0.5152861
Stu_8b8a2a57b7e18916914f8b899325c898,0.6858823,0.76002944,0.50416756,0.61498696
Stu_8b915c677676305511ade3ef3b59e31a,0.6092881,0.6039089,0.36144444,0.73082775
Stu_8c7e5ac6c7e3ff980e97452858937262,0.39699736,0.27059084,0.21216497,0.36271247
Stu_8c8bf60ec14d957f685171586d5fdd16,0.29447725,0.44564188,0.23953067,0.1975767
Stu_8cba83e791465574e1085826657adab7,0.66158676,0.74435514,0.5434412,0.6026974
Stu_8d63bae2c1dba597e1d6ac40ef8e6e84,0.26040146,0.44644937,0.3555092,0.23835523
Stu_8df8bf2cce0484a2aa30a1e41e6e3903,0.71251917,0.795248,0.5402097,0.68048644
Stu_8e1107503b1ea52b5addcf299b578b3d,0.543428,0.66716117,0.32343787,0.63968956
Stu_8e222fd0f532f6e6de15ea93504005f0,0.3218692,0.26176244,0.22941339,0.22441421
Stu_8f371eb0cd92601e3a20bbbd72620e28,0.4176016,0.30132103,0.20736712,0.5268559
Stu_8f67eab7f17f064a608539b3e5179711,0.59547776,0.60237294,0.42189386,0.5362584
Stu_8f78b7d7b43ee7f3f014dd8ea6048ada,0.3332743,0.33362132,0.18855421,0.25113103
Stu_8f7e95d9997f7d100b66fafcca94f2c1,0.53882027,0.67455125,0.24371415,0.37969112
Stu_8fc2c25a2f99de3039af6070164ba421,0.544688,0.45123762,0.31987473,0.5482208
Stu_8fc763bf12d62f1a2195f09018225f6b,0.29638767,0.47259828,0.3003017,0.2410016
Stu_8fecb0f0a1e90c24e03931b1f5bd174e,0.51630867,0.5038012,0.4005428,0.2925042
Stu_90c9083215520408a50ac3a4d6fd0243,0.39849994,0.47842163,0.20205082,0.2085403
Stu_90d78337acd818b3dda1e3148e3bc8ee,0.34505188,0.30575567,0.26925525,0.2862127
Stu_9184405b59ce000d7a8fd4c76206109a,0.8612482,0.8683043,0.57574,0.84500027
Stu_926bc3358b6611b805ebe29034519998,0.27404726,0.15300618,0.18549554,0.42295426
Stu_93418868e15dda8d50029da1a95cae61,0.8249599,0.8494694,0.6229753,0.7323649
Stu_93610feb0ed51e7b3f6fcb398807ffea,0.80400866,0.82664794,0.49436188,0.634271
Stu_9368d5b8c1af107e03f0bfe5cc10a146,0.75468475,0.83595026,0.5635724,0.65967077
Stu_93a3df35e8237794d5a3a5feed533488,0.8500493,0.8637675,0.577068,0.8370115
Stu_94225edaf630cd42b556010cae517365,0.81456435,0.8295735,0.51843417,0.6809803
Stu_94353b81aeef9b5ec81093c024ee028f,0.6452822,0.572557,0.3296062,0.7201836
Stu_946bf324d172403765e07043fdd15f36,0.8711216,0.85713094,0.58295995,0.750017
Stu_948a5f1dc7889de5c5b91fe4b7fb74dc,0.6754772,0.7369979,0.346448,0.47842595
Stu_955a102a1f5e25e97baf45f5a0830757,0.83964324,0.8720012,0.64567703,0.73061234
Stu_96b826460701e358b57af0defbf6ed70,0.7539763,0.78777856,0.5333871,0.6441802
Stu_96ecf36f450d448f2d8ef68235b28dea,0.63807786,0.77698636,0.29022542,0.700612
Stu_9745ba9b057921c5bd8dbfdba1c7db32,0.3434357,0.39010265,0.1156453,0.36139166
Stu_9745f7ccf95853cf10e3b32d49904df0,0.21284105,0.24249324,0.23563828,0.34011817
Stu_974e047297b5a8d09214e1248b22e88f,0.8731608,0.6741557,0.45286894,0.70288855
Stu_97888ab9171408f4c18650a018307abb,0.4398113,0.3286867,0.29913405,0.16195987
Stu_97b668217347e0a74e62a525788fe4ed,0.3449796,0.15871587,0.18058015,0.1113112
Stu_97d1c54845fea2e31dc4a04e740a6437,0.3939249,0.3758834,0.32587042,0.41247323
Stu_9808b3ed009f66b70508ae5ab82f38d8,0.63132185,0.6652568,0.48272362,0.64431655
Stu_98193900884cbbba814ac7b389280aa0,0.5584844,0.7373498,0.49109185,0.6122487
Stu_983f0037564997a0d4772a8dae56ff43,0.3718687,0.41180456,0.19647679,0.20715876
Stu_9849d9b1e7f42b03e91f24df63a5f63d,0.63319457,0.57856876,0.28952077,0.52194774
Stu_98af22c74980e7bf46fb84c707ae010f,0.42120454,0.5378508,0.28182045,0.3903733
Stu_9969c53488b0ab767824241689ea527b,0.87005913,0.84126914,0.5862659,0.7564118
Stu_99788a86bdb94332e20c402bc3606622,0.35237533,0.44971097,0.14561151,0.47306475
Stu_9a1abf6d647883b437b3547ec30c739b,0.8050866,0.699491,0.3762103,0.68380123
Stu_9a4fcacc5bb54bcfaae34b369bbd71fc,0.7149403,0.73456746,0.38942325,0.59670913
Stu_9a5221afa6b0b9fc4fb0a4d696efedee,0.61049473,0.65854776,0.34691754,0.6698514
Stu_9a8ee944af10284c9a39c41f69b166ca,0.49221703,0.5902407,0.35687378,0.68265337
Stu_9ce7a31e7da7cea725385d9727e6400d,0.47235292,0.5825987,0.44888106,0.45847255
Stu_9dffa2782ef615dee2b78cf61520bc43,0.40813836,0.54111725,0.24443157,0.29065052
Stu_9ecdeb701dd7c70efeff71891be984c5,0.45199242,0.6764537,0.26168868,0.14328733
Stu_9f3f619c9dd32da97f8cc5b1bbe1b917,0.36509925,0.5012773,0.39822206,0.45900008
Stu_9f61c9656356f3ea4010f2e1c4319b5b,0.62216985,0.64120775,0.25541058,0.5700352
Stu_9f92f3ae36d92f7d6f070602e0e8585c,0.35882664,0.4045065,0.3099327,0.50981385
Stu_9fbf0fc4f5096c86905ace4063479f3c,0.8240522,0.7650019,0.5199521,0.5875474
Stu_a12ee5228bd367ecc82b847fd3ada66b,0.43953398,0.46660015,0.3228031,0.5157849
Stu_a1be7265041d6e7c72125d4a8c4ae686,0.8204773,0.8317246,0.6011701,0.8392229
Stu_a23151ab997d5e1cf3484986de405861,0.7247976,0.8146177,0.59506136,0.6349819
Stu_a249230ecea6cdba75b700d8a36f0c80,0.6430769,0.64898276,0.3141478,0.4138175
Stu_a26b53b864a18f54e7ba0452ce36c1a5,0.6440051,0.6692688,0.38866076,0.43177375
Stu_a2f2517df55837573bfd927d73d44abb,0.30597034,0.3817439,0.34253165,0.1786538
Stu_a3bae6a5a81da0caf81b1d3f4a746591,0.6494739,0.68353564,0.36533138,0.64996976
Stu_a4181fb58d0d7f4dd4990b1af18430a4,0.8344656,0.7678094,0.5411713,0.8475152
Stu_a43193a2ae2a1b9e002d4972e5ceaedb,0.32076874,0.4698476,0.25712448,0.28756568
Stu_a43214aac1f72662ea37bfb028a018cc,0.49924693,0.516526,0.3199502,0.43283346
Stu_a487fb58490215a2521e8654f241de05,0.749605,0.7179696,0.57897377,0.6754105
Stu_a488b273e373ed5a3ed0e6f8548b220a,0.34631902,0.30746016,0.24974498,0.31932363
Stu_a49bd60957e79ed3a6775ebfad33a4f1,0.69161534,0.74660885,0.511042,0.6113745
Stu_a540da20a60f4338bf785ce532fdb12f,0.60633147,0.6601566,0.44470102,0.5523062
Stu_a5a5b0ea9fa1a815aaf59cf83c13836e,0.43660414,0.38773292,0.20245036,0.29267976
Stu_a609c39c67e63a53ac54fd683eb9db18,0.414685,0.27834255,0.2334522,0.21262354
Stu_a6cbea208ce2387c1003c69a2522bc01,0.47554934,0.44099277,0.25223053,0.19263409
Stu_a71581cd5731dbc2d5de4b6f343074c5,0.59316915,0.6462257,0.40678006,0.3718399
Stu_a72e3488c58a5b40bd4aa046e40de096,0.78014356,0.8333691,0.5429958,0.76186025
Stu_a73082a4feb45f60266592af0f04c4e5,0.6414835,0.7906705,0.5030873,0.67777115
Stu_a81c02b3bbb2e6b11031475affe798dc,0.7548828,0.6454482,0.39674672,0.68185675
Stu_a86c7e41bf3e0c57f7b13a94a6cb329e,0.55949724,0.66741055,0.33387914,0.3358284
Stu_a894d5a10570031d34598fe83bf1f3b7,0.7494025,0.66733444,0.5226853,0.7643856
Stu_a8e5376416ed0ab14c86df96fd410540,0.6999203,0.72222245,0.5685871,0.7326311
Stu_a8f3b7ce41a81705d15d349892e887e0,0.7068657,0.7576748,0.39991608,0.7558554
Stu_a90265215603c00ceb33438cce63aefe,0.613636,0.4959043,0.3845934,0.44006035
Stu_a928075f2daab964f390c0a348577712,0.28017753,0.3932522,0.38866538,0.41556978
Stu_aa1445827d73742b0d38aaba79705524,0.7700077,0.74873555,0.5274949,0.5257379
Stu_aa25901256cd9d84e5f5732c27926872,0.64877546,0.5749366,0.2823197,0.60908645
Stu_aac9a01cc8482b62d11e6a233a18498e,0.82564807,0.780919,0.38856417,0.8142344
Stu_ac9e9cee0cdf9ff2b21b2d28f81f04bc,0.4704414,0.42059305,0.4591315,0.32343537
Stu_aca157fd18be5cb8214b1e3de5c53258,0.63284117,0.6474536,0.47265583,0.5902902
Stu_aca888c3d9e699fee1021f69c948c8f6,0.63032454,0.53489685,0.31272134,0.46877152
Stu_acbc99cec6befe2284452d82ec19d1d9,0.5307734,0.5124966,0.3088682,0.53888
Stu_adb7b6b751356b3f3fe9c2748e1070a6,0.7067496,0.80064654,0.55100137,0.7631133
Stu_ae2430323c15f0662cdb2c51ca3e5170,0.6709576,0.6823074,0.49981007,0.4517175
Stu_af2ae00d74c197568fe62a54406802de,0.52040863,0.6975217,0.42129567,0.5984551
Stu_af7823bbe99c2144b79e19fd14417604,0.59075195,0.6877318,0.40776,0.49957833
Stu_af95ff7082011b8e1cbbb272a227c9d8,0.87303644,0.8657973,0.5268174,0.7652496
Stu_b060451bda7e42d5f964b36386d50ace,0.27245465,0.27535602,0.2923445,0.086436674
Stu_b063952ad173b583df165d70822a17da,0.40168947,0.5798712,0.38653287,0.4418291
Stu_b0c5c390c17021c9530c806887029c30,0.6432267,0.6684667,0.45159987,0.54307586
Stu_b10649cb835caa73ef1bbec56acac17f,0.564886,0.6671911,0.49785,0.62063944
Stu_b1f9e5fddbb68ffe35ec408178fc68d6,0.7956926,0.7660711,0.48918113,0.7774786
Stu_b224eb1f2907118bc1bf1ace49f7a64f,0.84826225,0.6984221,0.41251856,0.7870657
Stu_b23120c1b85ab6eaa564984c29927c31,0.748843,0.7770532,0.41261792,0.7333524
Stu_b2b790a54e9732248ebe1a70caaee67b,0.6743613,0.6672482,0.6152412,0.63198584
Stu_b2ea9163a6aa2d875de5d4fc99df91dd,0.6676451,0.54491776,0.3829294,0.5256084
Stu_b3876305e865323907e9f48468ab00e3,0.8501486,0.87313133,0.6041007,0.80744636
Stu_b43ad52a320c172d40442a1acdd12909,0.38201037,0.423651,0.2697272,0.3538881
Stu_b463a16562307361ce49c93ac70524c5,0.65339184,0.5566569,0.3196369,0.67309904
Stu_b47011c8a3b6e49af0b05432b1133236,0.31635293,0.36011475,0.18684258,0.54610074
Stu_b5a6ba1dcfaff2fe37ce629edd17d918,0.55106235,0.4946436,0.24697608,0.2521976
Stu_b6e70145df21f3bb7b58c43ac7d230ee,0.6682573,0.6421898,0.4319976,0.46376124
Stu_b7baa70f6d3bec65ac513b4a18318a24,0.46583033,0.49393687,0.36870083,0.7484332
Stu_b82d1b8550b860f2a8bbe582bafad383,0.86946595,0.8053408,0.5968856,0.7333441
Stu_b84b9149377ca0a899b62ec7a5fb1914,0.6535742,0.64963895,0.44362587,0.46869737
Stu_b8ad931bccffb4aaacee006b3bfd6e46,0.6917519,0.65003276,0.56557494,0.40056363
Stu_b8af9ebf56a16ab03abb166adfcea75e,0.50257397,0.4837803,0.2661345,0.14746119
Stu_b8e7355aa6783c4dfa6603247e0b9dc7,0.70986456,0.74670905,0.33120993,0.79058826
Stu_b900f843c084cae7bebe35c87ac637e0,0.8088915,0.87299085,0.56995726,0.75723845
Stu_b93b1736eb4bd4cdbf4e46911085107b,0.3268751,0.34401283,0.2729035,0.17061202
Stu_ba33497fb4b0fdc08df49b0eb4b6bafc,0.44543052,0.5353257,0.3005165,0.5579561
Stu_bb5e63cc913075278e2841dcad8c6f49,0.440623,0.6465005,0.26275054,0.41094923
Stu_bbec5b80a3be830635cf1d203fee14a9,0.56822985,0.6853492,0.42506412,0.43764803
Stu_bcba28160a18a1b15565f03270bc6d22,0.38482088,0.46804845,0.25419596,0.4463182
Stu_bd05d787891ccf5d6d5eaf7893226a43,0.533423,0.63366693,0.4269638,0.46892327
Stu_bd4089f25a1ad5b0476056340c10f5b5,0.6848115,0.6901755,0.5932595,0.57800895
Stu_bd916a21d8f9d8e413d5e1508d9e30d3,0.64714855,0.6620464,0.44517115,0.6292316
Stu_bda9db7e137f52de69920bd5dae836e8,0.4690996,0.33635074,0.22365336,0.6103061
Stu_bf17b8366cee2c676abd4aef9d30fd75,0.7557412,0.74216115,0.57237864,0.67167664
Stu_bf2ed13afdf3248bfa4b87c90ca25011,0.79910487,0.80002964,0.5577695,0.72806686
Stu_bf338e7f73694646941f28f39a3d62f5,0.7544294,0.79402626,0.5121061,0.81404626
Stu_bf970fe83a4cee2bb22e706c44e1fc75,0.43774226,0.41956797,0.28619415,0.17646648
Stu_bfaa602983b3e41ecd01bcac54e097ba,0.8819494,0.7968834,0.47584233,0.7279192
Stu_bfc90918c56a33df83ee331fd54e35b6,0.5690721,0.53363615,0.25041762,0.6681859
Stu_c0610ec05fdaac09654ea4aa350aa4d5,0.46435645,0.3394094,0.20500095,0.13050883
Stu_c06608a950f497d0f7276d83551263af,0.4152669,0.48196664,0.37377515,0.49020004
Stu_c0a7661df22ae09ba77166aad168a359,0.5580344,0.5596195,0.37606868,0.5760405
Stu_c17b15bcbe967ae3b7a458e6989c4696,0.34763873,0.36736357,0.16175434,0.203033
Stu_c1824597c7b72e54956748744ab7a909,0.3374093,0.28528053,0.26779804,0.1109241
Stu_c28116936645a442634a1160cd9e3d7c,0.8070672,0.6980229,0.5054281,0.6074716
Stu_c3540ab3ad802fcd77a7c3e1ee86d4f0,0.48482645,0.44856843,0.13462843,0.28297776
Stu_c3888a8aedb716a5de9af4c5e5b5d88f,0.84507704,0.8741353,0.61621946,0.731172
Stu_c424a3829aafcd3b98b9049fb12352e5,0.88485974,0.69431496,0.42728367,0.80887496
Stu_c452daf9e08a2b1aace408d33996eb14,0.8767859,0.8618514,0.5691171,0.83081645
Stu_c465405f0e1a2efcdaa67ff08045b154,0.5149364,0.58329535,0.4766901,0.5005818
Stu_c47556240f9e3d6aa9854ac7f10082cd,0.7260772,0.82185054,0.53892124,0.73085916
Stu_c4e1a039a31f52537aab05383a7ad422,0.29077375,0.34743866,0.17100988,0.16250406
Stu_c50b04d169f5431dbca6bbd1a600680e,0.55393314,0.4559269,0.29303524,0.36159152
Stu_c56649ab1d08747d6cd52815845292b0,0.40396333,0.37837806,0.15034282,0.16300832
Stu_c582d0c5cfb45397e6ffb07e2e9f1c40,0.8715212,0.81755793,0.5311034,0.80726206
Stu_c5994b35e1f8f27239adb8a3c30cd645,0.76710564,0.78681165,0.53151876,0.7163223
Stu_c68e2329a4a9d79520ec98ab9f08d54e,0.5345559,0.46315134,0.24271648,0.21282797
Stu_c68fb35e07f67dbcd0afe08e0cc05709,0.8404352,0.7307387,0.5082677,0.5666915
Stu_c6a683eee0f820c41a4f039b41668373,0.58021015,0.80172426,0.5283201,0.82457054
Stu_c747818f9507e204cfb31a419dabb703,0.65805906,0.664789,0.44981396,0.6261482
Stu_c7a85953ea1653063423c7a3aaa533d7,0.5595771,0.75011003,0.43169236,0.5619261
Stu_c82591bb0691b7da385a8354b1d1afdb,0.3880097,0.49776542,0.21571314,0.1830956
Stu_c85b93c2ad628c362c36db242a3b3e0c,0.7574916,0.78152215,0.40807924,0.43847924
Stu_c882562a8d769253400f7bc8b045573e,0.5941852,0.78610957,0.53388596,0.74786985
Stu_c8e563df704f18421e9f58c0ebd10927,0.51735115,0.5292765,0.36798817,0.44857574
Stu_c8fbe2abe0f922c5f8697da78a5dd5a5,0.61467665,0.7388198,0.24437632,0.37430802
Stu_c9291d64652a9c18c84812be41b4d007,0.8295243,0.8558524,0.5628776,0.7512068
Stu_c96438e1ac9b3227e7d6e4a3065a0e34,0.69400704,0.56513584,0.38073686,0.5147141
Stu_c99ed8d6e5166c93516c6e5bf4efa796,0.8797361,0.79772335,0.49517292,0.75715744
Stu_ca58d8e77a1dc95125058061f469fff9,0.5053513,0.41442627,0.40691844,0.4121294
Stu_ca9a8f595efd3eaeb519ca16159aa319,0.5887995,0.7386521,0.5286174,0.71524227
Stu_ca9fd76a6fd06cbdf4e75c461a30ebd9,0.542826,0.7706188,0.4814453,0.6090027
Stu_cb40300d6ee1e787a45b4608f7655739,0.5501912,0.7013762,0.5035891,0.3217376
Stu_cb4f96599ff57e4c60a0c060c13fd594,0.8255418,0.8802518,0.58674276,0.72628516
Stu_cbfcfd153739d9b3fa78bd12a0a447b4,0.5671121,0.74700403,0.50779605,0.70808524
Stu_cc8b93cc2e98cace8e8c7ab49a50a9db,0.80895233,0.80015594,0.5487586,0.578938
Stu_cce4b7dc532078bce5c87ac693d892de,0.51936996,0.5681739,0.11110461,0.5437521
Stu_cd1fceb9830030492ad89373311f52fb,0.83061403,0.73648965,0.45745325,0.772548
Stu_cd6786bea2fef6ad3df486e0977fec71,0.52456933,0.38987827,0.28532884,0.054965615
Stu_ce3f9dbed6898b24645424951e4cdf1c,0.41317058,0.35961306,0.35156408,0.58073527
Stu_ce9f23cf1143f0b0ccc752b26203d777,0.27562428,0.3753338,0.290491,0.31117776
Stu_ced1ba591ff8738eeb33887ec181c3bf,0.39672124,0.353387,0.24537686,0.25246292
Stu_cf1b3bc19ee3de485319d58086a92279,0.73275584,0.7827755,0.49539387,0.71514994
Stu_cf39a0a56ec8bf2e6225ca17b8db6dfb,0.62197655,0.76255643,0.41164646,0.59804094
Stu_cf574aaf266beab7eee1c484cd5f730f,0.7859628,0.7628949,0.59985495,0.68004984
Stu_d0490b6316c9f5da1b0d0f4e816ae3f5,0.5675503,0.49004474,0.26928076,0.4940868
Stu_d083e0dd8a5bf7b0aaa177bdcc0384c9,0.58201027,0.39156592,0.26013386,0.41747937
Stu_d13c117a323619d433ac9ba90dd61003,0.25476566,0.358448,0.31540486,0.28331676
Stu_d140ee0b391e849ce7694ab7530cef01,0.3279362,0.32171246,0.34277722,0.20721844
Stu_d1a327801d6068db1b72841ff0965e1c,0.53848726,0.56610364,0.2632728,0.2041257
Stu_d241161aaf676bda703822f98603989b,0.6505044,0.8554459,0.6397192,0.6536065
Stu_d2b3a8a2c98c2cd2cb015e80757172b4,0.68791735,0.88993055,0.6257506,0.71991247
Stu_d3c36b1daa9c9aba77051ed1438d3ba4,0.80682373,0.8154489,0.6112141,0.72908723
Stu_d3da90edf499dbed2734340006adb69e,0.62674135,0.68768823,0.4668779,0.44015417
Stu_d44ae2aa41e07d69d273019d6c2e271c,0.58177125,0.6195754,0.5192189,0.59188366
Stu_d4bdbf1d00542ce85e9d5cd853375297,0.44834268,0.60271376,0.349782,0.50542057
Stu_d4f70b7e5dcae173a137976f805d746e,0.59330285,0.616102,0.42823863,0.30858415
Stu_d52247db931da577738c2d97cc6dd3d5,0.5945743,0.79634374,0.49859816,0.79561216
Stu_d532b0a6cf5013d0c81b07b83e80f9c1,0.44185895,0.45166212,0.3789554,0.44539034
Stu_d53baac1db432ea561fca468d4e7b015,0.8454418,0.7616396,0.5774946,0.777747
Stu_d554692a45267cb019938c2829ff59b0,0.46949947,0.42504865,0.28946754,0.4476712
Stu_d5a2a642fd303e2f3c75cdf42900480a,0.5506887,0.634661,0.26665062,0.5043401
Stu_d5b4abecd28c2b3857a66cb8d85a2635,0.701088,0.7924295,0.57883483,0.7205044
Stu_d66b7d8cb24d7335a858fb3a544ecb65,0.73257,0.75423783,0.49194115,0.5983195
Stu_d6ade05600ba69944200d20a2a35d44c,0.22747912,0.44765198,0.23220026,0.33863774
Stu_d72ceb9905a11c9df4f43fc7cf42ddeb,0.441598,0.3208021,0.22106515,0.43502888
Stu_d735af95d4de89bf0f4aee9c599e4bfe,0.5081303,0.4829374,0.3879866,0.19991255
Stu_d793455526877bf9353cf4edd54ce706,0.35504577,0.41733557,0.23144768,0.2986634
Stu_d7d703d2dc2c52f4138afb30c2286e7c,0.4923599,0.72290635,0.42543063,0.24118274
Stu_d8b44264d151125f19ab420307407150,0.43100864,0.56286865,0.28827563,0.5655648
Stu_d8e3c85176cae6b7422d805c9ea2ecc3,0.65965414,0.59779316,0.3353628,0.5244776
Stu_d9903ab01d6427a7c66c8d5a7d15c4b3,0.7559262,0.78277785,0.5497472,0.66274863
Stu_da2cbf129c6a65d4b324bd6f4a1601ce,0.43314305,0.37703133,0.20029916,0.117773816
Stu_da693f2b491752a7fe8de1452b09fbd8,0.63746935,0.7400726,0.42931843,0.6007019
Stu_db60bbb57b4b8bfa909b8fd4617bdbae,0.3751045,0.40719193,0.31040302,0.2156666
Stu_dc36d04de7311cae9d038586ff3d5a87,0.42476448,0.53992647,0.34308192,0.19514816
Stu_dc754ec5a4e4409688554018c384e70e,0.53687525,0.6190824,0.41507357,0.34374076
Stu_dcd7554cbd7b5955a14deecc6a2f2415,0.5687312,0.6494508,0.26089853,0.5540487
Stu_dd8a6cbd68931db08a1d54a873eb64bc,0.826428,0.852995,0.55281377,0.74489313
Stu_ddb06938c5d89046770243b538b3bb66,0.41990966,0.29888728,0.18068752,0.12039646
Stu_de12d552ba6a9d056565078253b67f69,0.33087653,0.51870966,0.28174302,0.46841
Stu_df12a226cd57a9ed00a69f7bc865ad82,0.6083252,0.6985051,0.41042662,0.65128523
Stu_df2daa2c9bd074cf1073b8b4ea9a83a7,0.48652077,0.5738973,0.2742017,0.5198867
Stu_df5cf7f7fc056bf5f2dda9234a54e3bc,0.45939803,0.49363723,0.21181066,0.053040925
Stu_df6bc073f454ee17f1d11ccaf9a1d534,0.43455604,0.684587,0.39515126,0.47854355
Stu_dfb5bdd73c30ed49fc8036239e470ebd,0.65882105,0.7417465,0.2448344,0.41600382
Stu_e014285c81d8aed72c781703435f2592,0.3428136,0.45029414,0.25080556,0.31626973
Stu_e0c1fa72f45c6b6b856402ff5528d7d3,0.43761176,0.39771488,0.2978146,0.34628186
Stu_e0ec30354ea3ee3598309c92c6d09674,0.8125149,0.72022533,0.4734266,0.7046889
Stu_e27ff683604debade2ac553c7fd40a0a,0.39224797,0.5154801,0.20991696,0.565353
Stu_e32a920600bce5e6618b3937eeaa6f4e,0.78582865,0.69992197,0.41149572,0.7212057
Stu_e387ded97bf3291db4f07a54bd21f743,0.372348,0.30501533,0.2909406,0.49078134
Stu_e39997734bf57ff6a3ed718a325a175c,0.78483355,0.73236924,0.4639928,0.65814
Stu_e3a2689be969948c3704084cdcae8a69,0.8572135,0.81961983,0.52238053,0.7586918
Stu_e407c5d8319030445d408faf593e432b,0.69006675,0.571136,0.21882905,0.6929926
Stu_e42990bcd3f0351398f5fe392d5c64e3,0.37544575,0.38331932,0.3346626,0.42292047
Stu_e479d00f3fefe397fc3a5b6a891d619d,0.33295003,0.3381566,0.26730457,0.21583937
Stu_e482919a6cd2ed9a55470043ff1caef7,0.46048707,0.5771896,0.29312313,0.5510163
Stu_e56e57181982ddc4da6037148ddef602,0.8645781,0.8651797,0.554604,0.83726996
Stu_e685a5e542d810b2cb1572bc9d3145ef,0.33989605,0.40369707,0.2446198,0.24704318
Stu_e70470e1ef9da0c4225737ab1119257c,0.8665734,0.8527791,0.61427337,0.6904722
Stu_e7839c9aea58a0272e25fb0714347622,0.5039149,0.53321654,0.2407778,0.43932638
Stu_e7cd612991bbdfee0d61da19a6bd8361,0.7711012,0.63885504,0.32340273,0.6904645
Stu_e7ea02551a986665fecb9a8e2ea0d591,0.8488021,0.7523231,0.5289726,0.8010343
Stu_e81374dcad1f7765498c8e8719101a93,0.61980295,0.6563861,0.4264664,0.73721224
Stu_e84f7622fe834d25e9dfe1378914e295,0.45270264,0.45223427,0.35625347,0.25409377
Stu_e8ecec32ee81089afa69dd83e933765b,0.6340897,0.78775144,0.4785053,0.6912794
Stu_e9aa0141d94fb198fd9de883634243db,0.3107813,0.320891,0.14247276,0.24124786
Stu_ea1e63001eb10bc70359af4f71726701,0.5119017,0.68078667,0.56871283,0.6745327
Stu_ea6eeb3b54ced46c7085c1b91a41acaa,0.5625101,0.6809545,0.43929708,0.714574
Stu_eaea332f7b08db00433a4d09ca9ff7c7,0.395014,0.5359614,0.24960583,0.42592344
Stu_ebcc5ed469da36b6e2b8e28512a73622,0.3403575,0.3970336,0.24635127,0.34507126
Stu_ed45a9a3c386e59ebbf835baec0d0827,0.8118719,0.76264507,0.42626035,0.68645245
Stu_ed8a9e1633543065cc09a7387020cb75,0.21323216,0.32030845,0.24379638,0.39918742
Stu_eda32e2ece863ed04ac2cf22e40cba9a,0.47113916,0.32472506,0.15784967,0.503432
Stu_ee1f58b6e6440fe75a7c21dddac7a947,0.68139327,0.88784206,0.5761651,0.6971972
Stu_eeede4b97efc52fa27b5dad3bb73725f,0.55989164,0.6023394,0.3289605,0.56305784
Stu_ef83cd6299af1729c67694a71372305c,0.4992847,0.5252467,0.37119853,0.44443098
Stu_efa044ccef47fa65a82bce1ee74e5103,0.5954693,0.6731037,0.50117755,0.75900114
Stu_efdb9b9960647f3d1819a891503a3b6b,0.86823153,0.80435514,0.46399432,0.85176486
Stu_f02edb34ece401b07c5b94f3b3e25003,0.35768417,0.38207716,0.4120901,0.33288896
Stu_f09f605f11f2f7c4a0eb93caf1ecdc95,0.36710486,0.2924425,0.2034129,0.25542882
Stu_f16e41aa8cec2dcfb65d387fe498e4f3,0.36482054,0.33040774,0.26582035,0.03910817
Stu_f1f359c6ac2e64cbdc95200364271e14,0.7791896,0.82488126,0.5705353,0.5775024
Stu_f23299ad37c8de1ca966e1bdf5e42c09,0.65766585,0.8519182,0.5838114,0.65736693
Stu_f39211bd7e76d03ca951dd0633d93cc3,0.7553526,0.56600666,0.2179445,0.53291744
Stu_f417dd379a74fb13b80271304f847ee6,0.5227041,0.6357475,0.2697515,0.37795767
Stu_f49dabc0fe5448d7d8b3b0c2b99d084e,0.88386804,0.8608346,0.56925416,0.7881201
Stu_f4af7dd35ea1b795efe62e349fb50beb,0.6703706,0.8293368,0.57677466,0.604362
Stu_f5fd3e7e4c76ab833a65945ef7784054,0.763888,0.69983536,0.44918376,0.58078253
Stu_f65d0b0478c4e85ce1f76b99ad57eb9a,0.5732447,0.57996714,0.35285893,0.2667722
Stu_f6d28296da8258d97e00a44014b320e5,0.5380501,0.62751377,0.5231917,0.67640007
Stu_f729a62eb6536d217c5791bac1318863,0.39189306,0.48867336,0.32823235,0.37963116
Stu_f873c20a39722831a64994780e09631f,0.5493918,0.7308539,0.5236472,0.70493984
Stu_f8a0af3cad68fe407950eb84cfd45548,0.3014631,0.32649577,0.25973818,0.08091036
Stu_f8cf45693570361eeb8f9c05675a57e4,0.35949096,0.4122379,0.27674073,0.26781726
Stu_f921bc52e8ca02b4713047f98a3c5933,0.40857375,0.6782072,0.44429323,0.56583035
Stu_f97d8e650f0e059e2e7c86b5de0e31d7,0.39758074,0.34464505,0.123090856,0.1659963
Stu_fa78d7721dcbf37eb3bc0f6b5830892e,0.479033,0.5033389,0.31109247,0.28571755
Stu_fa8c3cafd5832ca63eb85cfe394a9b95,0.37531546,0.36461738,0.2711444,0.71816474
Stu_fb819294951f5032462ba63219b3275d,0.3015916,0.25837645,0.11194696,0.10711408
Stu_fbd361ac8f351b5982c9e982dd85e0fc,0.6535647,0.7165046,0.46034187,0.7239167
Stu_fc1108ec823a3e18b4d3730d497af6b8,0.4662362,0.3418347,0.21528246,0.23326936
Stu_fcfe23dfab42ff6d5ad86f56700909ef,0.8123455,0.7894147,0.54688203,0.7218001
Stu_fda9b2a9d1029f14a9b3a7162148486f,0.3325126,0.36265755,0.23024696,0.26212367
Stu_fdad12dd6ddb392ba35176a595d36570,0.47935897,0.4358479,0.2271137,0.115980886
Stu_fdb649d30cf81ffea00f201f12e6437d,0.5706222,0.78769207,0.540212,0.6090581
Stu_fdd17395a86b9af6dbc8a34f71e87219,0.5255102,0.6335639,0.39690167,0.742925
Stu_fde4deb77e838e35720d812f4ab48d79,0.33303964,0.39310938,0.1933341,0.29853034
Stu_fdfe8b7d728b4c679ff73d80c5c26484,0.69330186,0.77439,0.6027648,0.67483884
Stu_fe77e4fa9e8bc0353396468d203d4557,0.67652273,0.84957063,0.57502806,0.7071382
Stu_feb860309a666481290f7020de26fab1,0.4153833,0.34900245,0.26610494,0.25879282
Stu_ff293178e17f876839395f6c7ed4b718,0.4906169,0.3396339,0.15551138,0.4041056
Stu_ff90a251047f9fe29b1e0ddff8885afb,0.51751316,0.6826257,0.30065745,0.5634991
